Ponto A, Ponto B, Distância
1,2,586.0
1,3,1177.0
1,4,1314.8098721868496
2,3,1314.8098721868496
2,4,1177.0
3,4,586.0
