Ponto A, Ponto B, Distância
1,2,595.0134452262403
1,3,1186.0067453433812
1,4,1321.9670949006256
2,3,1321.5161747023758
2,4,1177.0004248087594
3,4,590.0211860602973
