Ponto A,Ponto B,Distância
1,2,1179.000424088134
1,3,1317.49155595017
1,4,593.0
2,3,589.0008488958229
2,4,1319.2820016963772
3,4,1178.003820027762
