Ponto A, Ponto B, Distância
1,2,595.0134452262403
1,3,1186.0067453433812
1,4,1321.9670949006256
