Ponto A,Ponto B,Distância
1,2,576.0
1,3,1304.0996894409568
1,4,1171.0153713764819
2,3,1170.0
2,4,1307.6563004092475
3,4,582.0008591058952
