Ponto A, Ponto B, Distância
1,2,1177.006796921751
1,3,1316.1508272230808
1,4,583.0
2,3,591.0008460230831
2,4,1315.2558686430561
3,4,1178.0067911519016
