Ponto A, Ponto B, Distância
1,2,1177.006796921751
1,3,1316.1508272230808
1,4,583.0
