Ponto A,Ponto B,Distância
1,2,1329.133552356572
1,3,1313.9136196873826
1,4,1177.0514007467982
1,5,1313.0319874245258
1,6,585.0307684216275
1,7,590.0033898207704
1,8,1312.5738074485564
1,9,1175.0
