Ponto A, Ponto B, Distância
1,2,595.0
1,3,1182.0067681701319
1,4,1318.3948573928828
2,3,1321.5161747023758
2,4,1177.0004248087594
3,4,590.0211860602973
