Ponto A, Ponto B, Distância
1,2,591.0
1,3,1181.0
1,4,1320.6218232332828
2,3,1320.6218232332828
2,4,1181.0
3,4,591.0
