Ponto A,Ponto B,Distância
1,2,590.0008474570185
1,3,1313.0239906414506
1,4,1182.0004230117686
1,5,150.05332385522155
1,6,1196.4401364046594
2,3,1175.0153190490753
2,4,1320.6218232332828
2,5,440.028408173836
2,6,1264.9885374974747
3,4,585.0307684216275
3,5,1257.2811936873948
3,6,434.1393785410395
4,5,1195.5739207593983
4,6,151.08275877809487
5,6,1191.0
